issue_id,severity,chapter_file,line,category,subject,evidence,proposed_action,source
AUTO-0001,B,03_cs_basics.md,863,chapter_reference_missing_in_bib,https://www.unicode.org/versions/Unicode17.0.0/,"[6] The Unicode Consortium. *The Unicode Standard, Version 17.0*. 2025. [https://www.unicode.org/versions/Unicode17.0.0/](https://www.unicode.org/versions/Unicode17.0.0/) (参照日: 2026-07-24)",対応する `.bib` に書誌情報を追加するか、章本文の参考文献表記を既存 `.bib` に合わせて統一する。,auto_scan
AUTO-0002,B,04_data_formats.md,902,chapter_reference_missing_in_bib,https://creativecommons.org/licenses/,"[18] Creative Commons. ""About The Licenses"". [https://creativecommons.org/licenses/](https://creativecommons.org/licenses/) (参照日: 2026-03-31)",対応する `.bib` に書誌情報を追加するか、章本文の参考文献表記を既存 `.bib` に合わせて統一する。,auto_scan
AUTO-0003,B,04_data_formats.md,904,chapter_reference_missing_in_bib,https://www.doi.org/,"[19] International DOI Foundation. ""DOI Handbook"". [https://www.doi.org/](https://www.doi.org/) (参照日: 2026-03-31)",対応する `.bib` に書誌情報を追加するか、章本文の参考文献表記を既存 `.bib` に合わせて統一する。,auto_scan
AUTO-0004,B,13_visualization.md,742,chapter_reference_missing_in_bib,https://doi.org/10.1371/journal.pbio.1002128,"[8] Weissgerber, T. L., Milic, N. M., Winham, S. J. & Garovic, V. D. ""Beyond bar and line graphs: time for a new data presentation paradigm"". *PLOS Biology*, 13(4), e1002128, 2015. [https://doi.org/10.1371/journal.pbio.1002128](https://doi.org/10.1371/journal.pbio.1002128)",対応する `.bib` に書誌情報を追加するか、章本文の参考文献表記を既存 `.bib` に合わせて統一する。,auto_scan
AUTO-0005,B,16_hpc.md,810,chapter_reference_missing_in_bib,https://aws.amazon.com/training/digital/aws-cloud-practitioner-essentials/,"- **AWS. ""AWS Cloud Practitioner Essentials"".** https://aws.amazon.com/training/digital/aws-cloud-practitioner-essentials/ — S3、EC2、リージョンなど、[本章のクラウドコラム](./16_hpc.md#column-ch16-05)で紹介した概念を体系的に学べるAWS公式の無料トレーニング。",対応する `.bib` に書誌情報を追加するか、章本文の参考文献表記を既存 `.bib` に合わせて統一する。,auto_scan
AUTO-0006,B,16_hpc.md,811,chapter_reference_missing_in_bib,https://www.cloudskillsboost.google/,"- **Google Cloud. ""Google Cloud Skills Boost"".** https://www.cloudskillsboost.google/ — GCPのハンズオン学習。無料ラボでGCSやCompute Engineを実際に操作できる。",対応する `.bib` に書誌情報を追加するか、章本文の参考文献表記を既存 `.bib` に合わせて統一する。,auto_scan
AUTO-0007,B,19_database_api.md,977,chapter_reference_missing_in_bib,https://www.ncbi.nlm.nih.gov/sra/docs/sra-cloud/,"- **NCBI. ""SRA in the Cloud"".** https://www.ncbi.nlm.nih.gov/sra/docs/sra-cloud/ — NCBIがAWS S3およびGoogle Cloud StorageでSRAデータを公開している背景と、クラウド上での利用方法を解説する公式ドキュメント。",対応する `.bib` に書誌情報を追加するか、章本文の参考文献表記を既存 `.bib` に合わせて統一する。,auto_scan
AUTO-0008,B,19_database_api.md,978,chapter_reference_missing_in_bib,https://docs.aws.amazon.com/cli/,- **AWS CLI Documentation.** https://docs.aws.amazon.com/cli/ — `aws s3 cp`等のコマンドリファレンス。S3パブリックバケットからのデータダウンロードに必要な`--no-sign-request`オプション等の詳細が記載されている。,対応する `.bib` に書誌情報を追加するか、章本文の参考文献表記を既存 `.bib` に合わせて統一する。,auto_scan
AUTO-0009,B,20_security_ethics.md,851,chapter_reference_missing_in_bib,https://www.mext.go.jp/content/20210608-mxt_jyohoka01-000015787_06.pdf,"[17] 内閣府. ""公的資金による研究データの管理・利活用に関する基本的な考え方"". 2021. https://www.mext.go.jp/content/20210608-mxt_jyohoka01-000015787_06.pdf (参照日: 2026-03-31)",対応する `.bib` に書誌情報を追加するか、章本文の参考文献表記を既存 `.bib` に合わせて統一する。,auto_scan
AUTO-0010,B,20_security_ethics.md,853,chapter_reference_missing_in_bib,https://www.jst.go.jp/all/about/houshin.html,"[18] JST. ""オープンサイエンス推進に向けた研究成果の取扱いに関する基本方針"". https://www.jst.go.jp/all/about/houshin.html (参照日: 2026-03-31)",対応する `.bib` に書誌情報を追加するか、章本文の参考文献表記を既存 `.bib` に合わせて統一する。,auto_scan
AUTO-0011,B,20_security_ethics.md,855,chapter_reference_missing_in_bib,https://www.amed.go.jp/koubo/datamanagement.html,"[19] AMED. ""AMEDにおける研究開発データの取扱いに関する基本方針、AMED研究データ利活用に係るガイドライン、データマネジメントプラン"". https://www.amed.go.jp/koubo/datamanagement.html (参照日: 2026-03-31)",対応する `.bib` に書誌情報を追加するか、章本文の参考文献表記を既存 `.bib` に合わせて統一する。,auto_scan
AUTO-0012,B,20_security_ethics.md,857,chapter_reference_missing_in_bib,https://www.nedo.go.jp/jyouhoukoukai/other_CA_00003.html,"[20] NEDO. ""NEDOプロジェクトにおけるデータマネジメントについて"". https://www.nedo.go.jp/jyouhoukoukai/other_CA_00003.html (参照日: 2026-03-31)",対応する `.bib` に書誌情報を追加するか、章本文の参考文献表記を既存 `.bib` に合わせて統一する。,auto_scan
AUTO-0013,B,20_security_ethics.md,859,chapter_reference_missing_in_bib,https://ukhealthdata.org/wp-content/uploads/2020/04/200430-TRE-Green-Paper-v1.pdf,"[21] UK Health Data Research Alliance. ""Trusted Research Environments (TRE) — A strategy towards building public trust"". 2020. https://ukhealthdata.org/wp-content/uploads/2020/04/200430-TRE-Green-Paper-v1.pdf (参照日: 2026-03-31)",対応する `.bib` に書誌情報を追加するか、章本文の参考文献表記を既存 `.bib` に合わせて統一する。,auto_scan
AUTO-0014,B,20_security_ethics.md,861,chapter_reference_missing_in_bib,https://terra.bio/,"[22] Terra. ""Science at Scale"". https://terra.bio/ (参照日: 2026-07-25)",対応する `.bib` に書誌情報を追加するか、章本文の参考文献表記を既存 `.bib` に合わせて統一する。,auto_scan
AUTO-0015,B,20_security_ethics.md,863,chapter_reference_missing_in_bib,https://anvilproject.org/,"[23] AnVIL Project. ""NHGRI Genomic Data Science Analysis, Visualization, and Informatics Lab-space"". https://anvilproject.org/ (参照日: 2026-07-25)",対応する `.bib` に書誌情報を追加するか、章本文の参考文献表記を既存 `.bib` に合わせて統一する。,auto_scan
AUTO-0016,B,20_security_ethics.md,865,chapter_reference_missing_in_bib,https://www.cancergenomicscloud.org/,"[24] Seven Bridges / NCI. ""Cancer Genomics Cloud"". https://www.cancergenomicscloud.org/ (参照日: 2026-07-25)",対応する `.bib` に書誌情報を追加するか、章本文の参考文献表記を既存 `.bib` に合わせて統一する。,auto_scan
AUTO-0017,B,20_security_ethics.md,867,chapter_reference_missing_in_bib,https://ukbiobank.dnanexus.com/,"[25] UK Biobank / DNAnexus. ""UK Biobank Research Analysis Platform"". https://ukbiobank.dnanexus.com/ (参照日: 2026-03-31)",対応する `.bib` に書誌情報を追加するか、章本文の参考文献表記を既存 `.bib` に合わせて統一する。,auto_scan
AUTO-0018,B,20_security_ethics.md,869,chapter_reference_missing_in_bib,https://www.ddbj.nig.ac.jp/services/ddbj-group-cloud.html,"[26] DDBJ. ""DDBJグループクラウド"". https://www.ddbj.nig.ac.jp/services/ddbj-group-cloud.html (参照日: 2026-03-31)",対応する `.bib` に書誌情報を追加するか、章本文の参考文献表記を既存 `.bib` に合わせて統一する。,auto_scan
AUTO-0019,B,hajimeni.md,165,chapter_reference_missing_in_bib,https://docs.python.org/ja/3/tutorial/,"- [24](https://docs.python.org/ja/3/tutorial/) Python Software Foundation. ""Pythonチュートリアル"". https://docs.python.org/ja/3/tutorial/ (参照日: 2026-03-31)",対応する `.bib` に書誌情報を追加するか、章本文の参考文献表記を既存 `.bib` に合わせて統一する。,auto_scan
AUTO-0020,B,hajimeni.md,166,chapter_reference_missing_in_bib,https://utokyo-ipp.github.io/,"- [25](https://utokyo-ipp.github.io/) 東京大学. ""Pythonプログラミング入門"". https://utokyo-ipp.github.io/ (参照日: 2026-03-31)",対応する `.bib` に書誌情報を追加するか、章本文の参考文献表記を既存 `.bib` に合わせて統一する。,auto_scan
AUTO-0021,B,hajimeni.md,167,chapter_reference_missing_in_bib,https://www.yodosha.co.jp/yodobook/book/9784758122788/,"- [26](https://www.yodosha.co.jp/yodobook/book/9784758122788/) 先進ゲノム解析研究推進プラットフォーム. ""改訂 独習Pythonバイオ情報解析"". 実験医学別冊, 羊土社, 2025. https://www.yodosha.co.jp/yodobook/book/9784758122788/",対応する `.bib` に書誌情報を追加するか、章本文の参考文献表記を既存 `.bib` に合わせて統一する。,auto_scan
AUTO-0022,B,hajimeni.md,168,chapter_reference_missing_in_bib,https://linuc.org/textbooks/linux/,"- [27](https://linuc.org/textbooks/linux/) LPI-Japan. ""Linux標準教科書"". https://linuc.org/textbooks/linux/ (参照日: 2026-03-31)",対応する `.bib` に書誌情報を追加するか、章本文の参考文献表記を既存 `.bib` に合わせて統一する。,auto_scan
AUTO-0023,B,hajimeni.md,169,chapter_reference_missing_in_bib,https://missing.csail.mit.edu/,"- [28](https://missing.csail.mit.edu/) MIT. ""The Missing Semester of Your CS Education"". https://missing.csail.mit.edu/ (参照日: 2026-03-31)",対応する `.bib` に書誌情報を追加するか、章本文の参考文献表記を既存 `.bib` に合わせて統一する。,auto_scan
AUTO-0024,B,hajimeni.md,170,chapter_reference_missing_in_bib,https://togotv.dbcls.jp/,"- [29](https://togotv.dbcls.jp/) DBCLS. ""統合TV"". https://togotv.dbcls.jp/ (参照日: 2026-03-31)",対応する `.bib` に書誌情報を追加するか、章本文の参考文献表記を既存 `.bib` に合わせて統一する。,auto_scan
AUTO-0025,B,hajimeni.md,171,chapter_reference_missing_in_bib,https://www.amazon.co.jp/dp/4815731063,"- [30](https://www.amazon.co.jp/dp/4815731063) 坊農秀雅. ""生命科学研究のためのデジタルツール入門 第2版 — 結果に差がつく使いこなし術"". メディカル・サイエンス・インターナショナル, 2024. https://www.amazon.co.jp/dp/4815731063",対応する `.bib` に書誌情報を追加するか、章本文の参考文献表記を既存 `.bib` に合わせて統一する。,auto_scan
AUTO-0026,B,hajimeni.md,172,chapter_reference_missing_in_bib,https://www.amazon.co.jp/dp/4895929019,"- [31](https://www.amazon.co.jp/dp/4895929019) 坊農秀雅. ""Dr. Bonoの生命科学データ解析"". メディカル・サイエンス・インターナショナル, 2017. https://www.amazon.co.jp/dp/4895929019",対応する `.bib` に書誌情報を追加するか、章本文の参考文献表記を既存 `.bib` に合わせて統一する。,auto_scan
